{
    "name": "Global Information",
    "numberOfRequests": {
        "total": 117390,
        "ok": 85814,
        "ko": 31576
    },
    "minResponseTime": {
        "total": 137,
        "ok": 137,
        "ko": 142
    },
    "maxResponseTime": {
        "total": 10028,
        "ok": 10014,
        "ko": 10028
    },
    "meanResponseTime": {
        "total": 2619,
        "ok": 924,
        "ko": 7224
    },
    "standardDeviation": {
        "total": 3867,
        "ok": 1889,
        "ko": 4106
    },
    "percentiles1": {
        "total": 154,
        "ok": 148,
        "ko": 10000
    },
    "percentiles2": {
        "total": 3291,
        "ok": 351,
        "ko": 10000
    },
    "percentiles3": {
        "total": 10000,
        "ok": 7248,
        "ko": 10001
    },
    "percentiles4": {
        "total": 10001,
        "ok": 7674,
        "ko": 10002
    },
    "group1": {
    "name": "t < 800 ms",
    "count": 67526,
    "percentage": 58
},
    "group2": {
    "name": "800 ms < t < 1200 ms",
    "count": 5765,
    "percentage": 5
},
    "group3": {
    "name": "t > 1200 ms",
    "count": 12523,
    "percentage": 11
},
    "group4": {
    "name": "failed",
    "count": 31576,
    "percentage": 27
},
    "meanNumberOfRequestsPerSecond": {
        "total": 179.22137404580153,
        "ok": 131.01374045801526,
        "ko": 48.20763358778626
    }
}